epoch_index,loss,mae,val_loss,val_mae,learning_rate
0,7.227624882943928e-05,0.004188685677945614,3.871950684697367e-05,0.0033010276965796947,0.0010000000474974513
1,8.47119554236997e-06,0.0017027702415362,2.3212180167320184e-05,0.0018760282546281815,0.0010000000474974513
2,6.374124041030882e-06,0.0014073295751586556,8.010789315449074e-06,0.0014038181398063898,0.0010000000474974513
3,5.121686172060436e-06,0.0012357813538983464,7.07595518179005e-06,0.0012506210478022695,0.0010000000474974513
4,4.33025752499816e-06,0.0011177160777151585,8.914232239476405e-06,0.0013254123041406274,0.0010000000474974513
5,4.1295934352092445e-06,0.0010573114268481731,1.1542163520061877e-05,0.0011716317385435104,0.0010000000474974513
6,3.7473444081115304e-06,0.0009971840772777796,1.134701869887067e-05,0.0011182503076270223,0.0010000000474974513
7,3.3840731248346856e-06,0.0009488482610322535,3.7433753732329933e-06,0.0009116772562265396,0.0010000000474974513
8,3.2200528039538767e-06,0.0009106539073400199,6.209275852597784e-06,0.000990700675174594,0.0010000000474974513
9,3.0027542834432097e-06,0.0008783622179180384,6.610602213186212e-06,0.001044197822920978,0.0010000000474974513
10,2.852357056326582e-06,0.0008521984564140439,3.9882697819848545e-06,0.0009457999258302152,0.0010000000474974513
11,2.3012473775452236e-06,0.000780085742007941,1.4616675798606593e-06,0.0006267134449444711,0.0005000000237487257
12,2.141265895261313e-06,0.0007581852842122316,3.3780638659663964e-06,0.0008252575062215328,0.0005000000237487257
13,2.140393917215988e-06,0.0007523481035605073,2.060695805994328e-06,0.0006967317895032465,0.0005000000237487257
14,2.074368921967107e-06,0.000740495219361037,2.2184906356415013e-06,0.000730104511603713,0.0005000000237487257
15,2.0050974853802472e-06,0.0007307177875190973,3.033874463653774e-06,0.0008005044655874372,0.0005000000237487257
16,1.967490561582963e-06,0.0007190484902821481,2.6631651053321548e-06,0.0007668536272831261,0.0005000000237487257
17,2.0258510176063282e-06,0.0007224614382721484,1.9064461866946658e-06,0.0006333578494377434,0.0005000000237487257
18,1.893595594992803e-06,0.0007025512168183923,4.968605026078876e-06,0.0007989537552930415,0.0005000000237487257
19,1.9399919892748585e-06,0.0007025941740721464,2.6541233637544792e-06,0.0007201538537628949,0.0005000000237487257
20,1.8417306364426622e-06,0.0006874146056361496,1.8633118088473566e-06,0.0006444455357268453,0.0005000000237487257
21,1.5862634654695285e-06,0.0006510210805572569,1.9154012989019975e-06,0.0006558005698025227,0.0002500000118743628
22,1.5804198483237997e-06,0.0006492877728305757,1.6943506579991663e-06,0.0005951547645963728,0.0002500000118743628
23,1.5682223875046475e-06,0.0006463720346800983,1.6641093907310278e-06,0.0006401674472726882,0.0002500000118743628
24,1.5577612657580175e-06,0.0006427474436350167,9.443594422009483e-07,0.0005050061736255884,0.0002500000118743628
25,1.512608378106961e-06,0.000635377480648458,1.4911028074493515e-06,0.0005770716234110296,0.0002500000118743628
26,1.511193772785191e-06,0.0006361992564052343,1.1451430736997281e-06,0.0005310465930961072,0.0002500000118743628
27,1.473073780289269e-06,0.0006262380629777908,1.2949983556609368e-06,0.0005396673223003745,0.0002500000118743628
28,1.4797403764532646e-06,0.0006252471357584,1.889035615931789e-06,0.0006360405241139233,0.0002500000118743628
29,1.467794618292828e-06,0.0006228466518223286,2.9539692150137853e-06,0.0006743386620655656,0.0002500000118743628
30,1.4723831327501102e-06,0.0006236706394702196,1.1972372249147156e-06,0.0005119367269799113,0.0002500000118743628
31,1.3313223234945326e-06,0.0005981433787383139,7.286665208994236e-07,0.00045600577141158283,0.0001250000059371814
32,1.3447919400277897e-06,0.0006004708702675998,1.0851709930648212e-06,0.0005307639366947114,0.0001250000059371814
33,1.349010403828288e-06,0.0006041211308911443,8.327514819939097e-07,0.000480159797007218,0.0001250000059371814
34,1.3109934116073418e-06,0.0005963443545624614,9.62996864473098e-07,0.0004873169818893075,0.0001250000059371814
35,1.2890729976788862e-06,0.0005905131692998111,9.672388614490046e-07,0.0005030884058214724,0.0001250000059371814
36,1.3145868251740467e-06,0.0005955307278782129,1.096658024835051e-06,0.0005507879541255534,0.0001250000059371814
37,1.2929492640978424e-06,0.0005922063137404621,8.320245683535177e-07,0.000478836998809129,0.0001250000059371814
38,1.2886654303656542e-06,0.000589123519603163,1.1218965028092498e-06,0.000532537407707423,0.0001250000059371814
39,1.26558381907671e-06,0.0005837254575453699,2.099830680890591e-06,0.0006481515010818839,0.0001250000059371814
40,1.262225282516738e-06,0.0005845341947861016,8.854216844156326e-07,0.0004680638376157731,0.0001250000059371814
41,1.2144414540671278e-06,0.0005771917058154941,8.078989708337758e-07,0.00046831750660203397,6.25000029685907e-05
42,1.2098098522983491e-06,0.0005752637516707182,1.233185685123317e-06,0.0005344441160559654,6.25000029685907e-05
43,1.2035272902721772e-06,0.000573771889321506,7.666203600820154e-07,0.00046183346421457827,6.25000029685907e-05
44,1.2000216429441934e-06,0.000570768432226032,9.467997870160616e-07,0.0004951517330482602,6.25000029685907e-05
45,1.2072841855115257e-06,0.0005749745178036392,8.13471274341282e-07,0.0004722390149254352,6.25000029685907e-05
46,1.203016495310294e-06,0.0005709290853701532,8.338220141013153e-07,0.00047877474571578205,6.25000029685907e-05
47,1.1932279448956251e-06,0.0005699180765077472,8.103734785436245e-07,0.0004685499588958919,6.25000029685907e-05
48,1.1754824527088203e-06,0.0005686504300683737,7.124428407223604e-07,0.0004458575276657939,6.25000029685907e-05
49,1.169081201624067e-06,0.0005652798572555184,7.649623512406833e-07,0.00045229826355353,6.25000029685907e-05
50,1.185049768537283e-06,0.0005697375745512545,8.384861303056823e-07,0.0004653808136936277,6.25000029685907e-05
51,1.1478770147732575e-06,0.0005632892134599388,7.633580025867559e-07,0.00045292224967852235,3.125000148429535e-05
52,1.1484956985441386e-06,0.0005622667958959937,7.238007810883573e-07,0.00043884958722628653,3.125000148429535e-05
53,1.1668523711705348e-06,0.0005667672958225012,6.483675178969861e-07,0.0004172412445768714,3.125000148429535e-05
54,1.1348332691341056e-06,0.0005581339937634766,7.203244081210869e-07,0.00043686703429557383,3.125000148429535e-05
55,1.118925865739584e-06,0.0005574102979153395,6.72065539220057e-07,0.00042231756378896534,3.125000148429535e-05
56,1.1455850881247898e-06,0.0005616915877908468,6.375913699230296e-07,0.00042421778198331594,3.125000148429535e-05
57,1.14139663764945e-06,0.0005615947302430868,6.470165772043401e-07,0.0004201041301712394,3.125000148429535e-05
58,1.1313942422930268e-06,0.0005567294429056346,7.034309987830056e-07,0.00044438752229325473,3.125000148429535e-05
59,1.1424602917031734e-06,0.0005588717758655548,6.14261182363407e-07,0.00041124268318526447,3.125000148429535e-05
60,1.1367670822437503e-06,0.000560975109692663,6.055676067262539e-07,0.00041197260725311935,3.125000148429535e-05
61,1.1194513263035333e-06,0.0005547041073441505,5.917745511396788e-07,0.00040562087087891996,1.5625000742147677e-05
62,1.123438892136619e-06,0.0005589831853285432,6.426680556614883e-07,0.00042382764513604343,1.5625000742147677e-05
63,1.1026107813449926e-06,0.000553312071133405,6.398560117304442e-07,0.00041331100510433316,1.5625000742147677e-05
64,1.1179158718732651e-06,0.0005561405560001731,6.148129614302889e-07,0.00041221684659831226,1.5625000742147677e-05
65,1.1083311619586311e-06,0.000553248159121722,5.909460583097825e-07,0.00040702009573578835,1.5625000742147677e-05
66,1.0923013178398833e-06,0.0005510968621820211,6.085251129661629e-07,0.00040960049955174327,1.5625000742147677e-05
67,1.118551381296129e-06,0.000556355225853622,5.90443164583121e-07,0.0004056092875543982,1.5625000742147677e-05
68,1.1090104408140178e-06,0.0005534879164770246,6.138648700471094e-07,0.0004119418154004961,1.5625000742147677e-05
69,1.121085801969457e-06,0.0005577599513344467,6.099516554058937e-07,0.0004136802162975073,1.5625000742147677e-05
70,1.1115946563222678e-06,0.0005537414108403027,6.501242637568794e-07,0.00042463335557840765,1.5625000742147677e-05
71,1.100471877180098e-06,0.0005504554137587547,6.548243050019664e-07,0.0004270297067705542,9.999999747378752e-06
72,1.1049435215682024e-06,0.0005543652805499732,5.927836355112959e-07,0.00040713362977840006,9.999999747378752e-06
73,1.0847477369679837e-06,0.0005500909755937755,6.18112210304389e-07,0.0004134013724979013,9.999999747378752e-06
74,1.1201302640984068e-06,0.0005581482546404004,6.60052592138527e-07,0.00042620653402991593,9.999999747378752e-06
75,1.0711345339586842e-06,0.0005463102133944631,5.726820404561295e-07,0.00040136693860404193,9.999999747378752e-06
76,1.0963671002173214e-06,0.0005532592185772955,5.701240866073931e-07,0.0004014565492980182,9.999999747378752e-06
77,1.1007947477992275e-06,0.0005516654346138239,5.962857585473103e-07,0.00040695961797609925,9.999999747378752e-06
78,1.0899633480221382e-06,0.0005511094932444394,5.859601515112445e-07,0.00040383238228969276,9.999999747378752e-06
79,1.090870455300319e-06,0.0005506835295818746,5.927557822360541e-07,0.00040864027687348425,9.999999747378752e-06
80,1.0872088296309812e-06,0.0005497868987731636,5.913180416428077e-07,0.00040671348688192666,9.999999747378752e-06
81,1.0841109769899049e-06,0.0005481226835399866,5.759960686191334e-07,0.00040293761412613094,9.999999747378752e-06
82,1.0844199778148322e-06,0.0005482228589244187,6.432957206925494e-07,0.0004148129955865443,9.999999747378752e-06
83,1.0937263823507237e-06,0.0005501540726982057,7.263629413500894e-07,0.0004225844459142536,9.999999747378752e-06
84,1.109798972720455e-06,0.0005557344411499798,6.860624353066669e-07,0.00042498327093198895,9.999999747378752e-06
85,1.0889873465202982e-06,0.0005497111706063151,5.815032295686251e-07,0.00040363307925872505,9.999999747378752e-06
86,1.1013427183570457e-06,0.0005516866804100573,6.470411904047069e-07,0.00041939629591070116,9.999999747378752e-06
87,1.0862007684409036e-06,0.0005480334511958063,5.878999900232884e-07,0.0004039440245833248,9.999999747378752e-06
88,1.0869608786379104e-06,0.0005487830494530499,5.693080424862274e-07,0.0003995949518866837,9.999999747378752e-06
89,1.082386347661668e-06,0.0005474055069498718,5.930564270784089e-07,0.0004070792638231069,9.999999747378752e-06
90,1.091813373932382e-06,0.000551506644114852,5.913907443755306e-07,0.00040392938535660505,9.999999747378752e-06
91,1.0859184840228409e-06,0.0005483892746269703,6.386612767528277e-07,0.0004224347067065537,9.999999747378752e-06
92,1.0771179859148106e-06,0.0005468657473102212,6.278157229644421e-07,0.00041130700265057385,9.999999747378752e-06
93,1.0918057569142547e-06,0.000550797616597265,5.745820885749708e-07,0.0004016453749500215,9.999999747378752e-06
94,1.1020530337191303e-06,0.000550969154573977,6.523105753331038e-07,0.00042085579480044544,9.999999747378752e-06
95,1.0946130259981146e-06,0.0005514717195183039,6.212601419974817e-07,0.0004151843022555113,9.999999747378752e-06
96,1.0885960364248604e-06,0.0005503991851583123,6.209112939359329e-07,0.000411559478379786,9.999999747378752e-06
97,1.097090489565744e-06,0.0005495776422321796,5.903385158489982e-07,0.0004070943396072835,9.999999747378752e-06
98,1.097272615879774e-06,0.0005515074590221047,6.032228725416644e-07,0.0004124508413951844,9.999999747378752e-06
99,1.0781819810290472e-06,0.0005475629004649818,6.041290134817245e-07,0.00040797944529913366,9.999999747378752e-06
100,1.0703137149903341e-06,0.0005483512650243938,5.772668600911857e-07,0.00040154997259378433,9.999999747378752e-06
101,1.0804361636473914e-06,0.0005479805404320359,5.848551722920092e-07,0.0004015448212157935,9.999999747378752e-06
102,1.0803547638715827e-06,0.0005477485246956348,6.041641995579994e-07,0.00041195322410203516,9.999999747378752e-06
103,1.0943713277811185e-06,0.000552973710000515,6.263238674364402e-07,0.00041772585245780647,9.999999747378752e-06
104,1.089400711862254e-06,0.0005491439951583743,5.924129027334857e-07,0.00040387443732470274,9.999999747378752e-06
105,1.0965175079036271e-06,0.0005497589008882642,5.9000660712627e-07,0.00040720825199969113,9.999999747378752e-06
106,1.0582471077213995e-06,0.0005416127969510853,6.27897861704696e-07,0.0004077641060575843,9.999999747378752e-06
107,1.0934696774711483e-06,0.0005485160509124398,5.987829467812844e-07,0.00040480599272996187,9.999999747378752e-06
108,1.081080768017273e-06,0.0005469091120176017,5.629066777146363e-07,0.00039853359339758754,9.999999747378752e-06
109,1.0519740953895962e-06,0.000542156514711678,5.901089821236383e-07,0.0004008671676274389,9.999999747378752e-06
110,1.0776724366223789e-06,0.0005477198865264654,5.757706276199315e-07,0.000402142817620188,9.999999747378752e-06
111,1.0774302836580318e-06,0.0005467839073389769,5.782154630651348e-07,0.0004006639064755291,9.999999747378752e-06
112,1.0810289268192719e-06,0.0005478472448885441,5.687747375304752e-07,0.00039907428435981274,9.999999747378752e-06
113,1.0707366300266585e-06,0.0005443976842798293,5.798631832476531e-07,0.0004014729638583958,9.999999747378752e-06
114,1.0844902362805442e-06,0.0005466431612148881,6.008244213262515e-07,0.0004102317907381803,9.999999747378752e-06
115,1.079040430340683e-06,0.0005481078987941146,5.85551958920405e-07,0.00040618720231577754,9.999999747378752e-06
116,1.066021241058479e-06,0.0005450220196507871,5.741828772443114e-07,0.000402190926251933,9.999999747378752e-06
117,1.0780379398056539e-06,0.0005481029511429369,5.766305548604578e-07,0.0004013071593362838,9.999999747378752e-06
118,1.0848907550098374e-06,0.0005492292111739516,6.36707454759744e-07,0.00041281242738477886,9.999999747378752e-06
119,1.0725904076025472e-06,0.0005446915747597814,6.348426495605963e-07,0.00041042183875106275,9.999999747378752e-06
120,1.0758982398328953e-06,0.0005449387244880199,5.978407102702477e-07,0.0004098626086488366,9.999999747378752e-06
121,1.0638534604368033e-06,0.0005453883786685765,5.775778504357731e-07,0.00040155957685783505,9.999999747378752e-06
122,1.0847859357454581e-06,0.0005486515583470464,5.562890237342799e-07,0.00039657243178226054,9.999999747378752e-06
123,1.079434127859713e-06,0.000550250057131052,5.668522931046027e-07,0.0003999475156888366,9.999999747378752e-06
124,1.0847448947970406e-06,0.0005474391509778798,5.796870254926034e-07,0.0004013471188955009,9.999999747378752e-06
125,1.0577163038760773e-06,0.00054041703697294,5.980780315439915e-07,0.00040454641566611826,9.999999747378752e-06
126,1.064250909621478e-06,0.0005399539368227124,5.93736729115335e-07,0.00040620597428642213,9.999999747378752e-06
127,1.060410113495891e-06,0.0005435413331724703,5.81964343382424e-07,0.00040391116635873914,9.999999747378752e-06
128,1.064025127561763e-06,0.0005420281668193638,5.987525355521939e-07,0.00040967698441818357,9.999999747378752e-06
129,1.06860591131408e-06,0.0005461163236759603,5.657938686454145e-07,0.00039805544656701386,9.999999747378752e-06
130,1.0945968824671581e-06,0.000548725132830441,6.215793177943851e-07,0.0004129390581510961,9.999999747378752e-06
131,1.0796136393764755e-06,0.0005466568400152028,5.856907705492631e-07,0.0004039004852529615,9.999999747378752e-06
132,1.0625307140799123e-06,0.0005434006452560425,6.375972816385911e-07,0.0004099365323781967,9.999999747378752e-06
133,1.0554196023804252e-06,0.0005405068513937294,5.699217240362486e-07,0.00039785716217011213,9.999999747378752e-06
134,1.0597071877782582e-06,0.0005442911060526967,5.705122703147936e-07,0.0003999941691290587,9.999999747378752e-06
135,1.0661249234544812e-06,0.0005453056073747575,6.013568736307207e-07,0.0004044760135002434,9.999999747378752e-06
136,1.0594770856187097e-06,0.0005409954464994371,6.198499136189639e-07,0.00040360217099078,9.999999747378752e-06
137,1.034397428156808e-06,0.0005347974365577102,5.927334996158606e-07,0.0004032286233268678,9.999999747378752e-06
138,1.0540240964473924e-06,0.0005404056864790618,5.72632416151464e-07,0.00039890152402222157,9.999999747378752e-06
139,1.0767240610221052e-06,0.0005456740036606789,6.559754979207355e-07,0.00041153703932650387,9.999999747378752e-06
140,1.077510660252301e-06,0.0005456963554024696,5.845656119163323e-07,0.0004038172774016857,9.999999747378752e-06
141,1.074130523193162e-06,0.000545062473975122,5.885398195459857e-07,0.0003994574653916061,9.999999747378752e-06
142,1.0628749578245333e-06,0.0005426584393717349,6.026010055393272e-07,0.00040164359961636364,9.999999747378752e-06
143,1.0591598993414664e-06,0.0005420086672529578,5.731621399718279e-07,0.0004009416443295777,9.999999747378752e-06
144,1.053995219990611e-06,0.0005409650038927794,5.672142151524895e-07,0.00039653113344684243,9.999999747378752e-06
145,1.0582809863990406e-06,0.0005420900997705758,5.820696742375731e-07,0.00040372167131863534,9.999999747378752e-06
146,1.0621417914080666e-06,0.0005437200306914747,5.6051737828966e-07,0.0003986067895311862,9.999999747378752e-06
147,1.0637477316777222e-06,0.0005434833583422005,5.727396796828543e-07,0.0004002233617939055,9.999999747378752e-06
148,1.0702516419769381e-06,0.000545712246093899,6.177915565785952e-07,0.0004098537901882082,9.999999747378752e-06
149,1.0796703691084986e-06,0.0005471665062941611,6.22117624970997e-07,0.00040542869828641415,9.999999747378752e-06
150,1.06285017409391e-06,0.000543849659152329,6.054657433196553e-07,0.00040949558024294674,9.999999747378752e-06
151,1.056580344993563e-06,0.0005404819967225194,6.043179610060179e-07,0.00040822691516950727,9.999999747378752e-06
152,1.0567752042334178e-06,0.0005426612915471196,5.617190481643775e-07,0.0003968185046687722,9.999999747378752e-06
