shot,a4,resid_rms
10084_cv,1.0,0.001740354229696095
10084_cv,2.0,0.001740393228828907
10084_cv,3.0,0.0017403799574822187
10084_cv,4.0,0.0017404300160706043
10084_cv,5.0,0.001740403356961906
10084_cv,6.0,0.0017404373502358794
10084_cv,7.0,0.001740433624945581
10084_cv,8.0,0.0017404236132279038
10084_cv,9.0,0.0017403571400791407
10084_cv,10.0,0.0017403789097443223
10084_cv,11.0,0.0017403637757524848
10084_cv,12.0,0.0017402780940756202
10084_cv,13.0,0.0017362465150654316
10084_cv,14.0,0.0017334810690954328
10084_cv,15.0,0.00173042097594589
10084_cv,16.0,0.0017277846345677972
10084_cv,17.0,0.0017255423590540886
10084_cv,18.0,0.001723484368994832
10084_cv,19.0,0.0017213624669238925
10084_cv,20.0,0.0017192118102684617
10084_cv,21.0,0.0017170157516375184
10084_cv,22.0,0.0017146875616163015
10084_cv,23.0,0.001712619443424046
10084_cv,24.0,0.0017120720585808158
10084_cv,25.0,0.0017129798652604222
10084_cv,26.0,0.0017160075949504972
10084_cv,27.0,0.0017210105434060097
10084_cv,28.0,0.00172667286824435
10084_cv,29.0,0.001731485710479319
10084_cv,30.0,0.0017352488357573748
10084_cv,31.0,0.0017379175405949354
10084_cv,32.0,0.0017395619070157409
10084_cv,33.0,0.00174029974732548
10084_cv,34.0,0.0017403292004019022
10084_cv,35.0,0.001740336767397821
10084_cv,36.0,0.0017403424717485905
10084_cv,37.0,0.0017403624951839447
10084_cv,38.0,0.001740352134220302
10084_cv,39.0,0.0017404413083568215
10084_cv,40.0,0.0017403945093974471
10084_cv,41.0,0.001740378444083035
10084_cv,42.0,0.0017403840320184827
10084_cv,43.0,0.0017403487581759691
10084_cv,44.0,0.001740377745591104
10084_cv,45.0,0.0017403532983735204
10084_cv,46.0,0.0017404173268005252
10084_cv,47.0,0.0017403560923412442
10084_cv,48.0,0.001740356907248497
10084_cv,49.0,0.0017403478268533945
10084_ch,1.0,0.004630842711776495
10084_ch,2.0,0.0058152517303824425
10084_ch,3.0,0.00575793394818902
10084_ch,4.0,0.0057017323561012745
10084_ch,5.0,0.004630959592759609
10084_ch,6.0,0.00558946467936039
10084_ch,7.0,0.005532230716198683
10084_ch,8.0,0.005473862402141094
10084_ch,9.0,0.005414343439042568
10084_ch,10.0,0.005353925749659538
10084_ch,11.0,0.005293147638440132
10084_ch,12.0,0.004630958195775747
10084_ch,13.0,0.005133348982781172
10084_ch,14.0,0.005077183246612549
10084_ch,15.0,0.005027620121836662
10084_ch,16.0,0.0049840654246509075
10084_ch,17.0,0.004945548716932535
10084_ch,18.0,0.004910917021334171
10084_ch,19.0,0.004879065323621035
10084_ch,20.0,0.004849119111895561
10084_ch,21.0,0.004820564296096563
10084_ch,22.0,0.0047932639718055725
10084_ch,23.0,0.0047673918306827545
10084_ch,24.0,0.004630933981388807
10084_ch,25.0,0.00472023943439126
10084_ch,26.0,0.004698846954852343
10084_ch,27.0,0.004678616300225258
10084_ch,28.0,0.004630780313163996
10084_ch,29.0,0.004640719387680292
10084_ch,30.0,0.004622720647603273
10084_ch,31.0,0.004605093039572239
10084_ch,32.0,0.004587826319038868
10084_ch,33.0,0.004570862744003534
10084_ch,34.0,0.004554153420031071
10084_ch,35.0,0.0045377351343631744
10084_ch,36.0,0.0045216018334031105
10084_ch,37.0,0.0045057786628603935
10084_ch,38.0,0.004490246064960957
10084_ch,39.0,0.00447492441162467
10084_ch,40.0,0.004459839779883623
10084_ch,41.0,0.004445039667189121
10084_ch,42.0,0.004430646076798439
10084_ch,43.0,0.004416832700371742
10084_ch,44.0,0.004404119215905666
10084_ch,45.0,0.004391510039567947
10084_ch,46.0,0.004379230551421642
10084_ch,47.0,0.004366518929600716
10084_ch,48.0,0.004353456664830446
10084_ch,49.0,0.004341823514550924
11705_cv,1.0,0.0035329440142959356
11705_cv,2.0,0.003603644436225295
11705_cv,3.0,0.003629116341471672
11705_cv,4.0,0.0036156028509140015
11705_cv,5.0,0.003600076772272587
11705_cv,6.0,0.003583025187253952
11705_cv,7.0,0.0035651063080877066
11705_cv,8.0,0.0035467722918838263
11705_cv,9.0,0.00352845317684114
11705_cv,10.0,0.003510581562295556
11705_cv,11.0,0.0034935688599944115
11705_cv,12.0,0.0034704995341598988
11705_cv,13.0,0.0034559578634798527
11705_cv,14.0,0.0034442474134266376
11705_cv,15.0,0.0034346298780292273
11705_cv,16.0,0.0034265287686139345
11705_cv,17.0,0.0034197205677628517
11705_cv,18.0,0.0034142753574997187
11705_cv,19.0,0.003410006407648325
11705_cv,20.0,0.003407413139939308
11705_cv,21.0,0.0034058999735862017
11705_cv,22.0,0.0034053183626383543
11705_cv,23.0,0.003404617542400956
11705_cv,24.0,0.003405466675758362
11705_cv,25.0,0.0034059968311339617
11705_cv,26.0,0.003406522562727332
11705_cv,27.0,0.0034062336198985577
11705_cv,28.0,0.0034086517989635468
11705_cv,29.0,0.0034123538061976433
11705_cv,30.0,0.0034153196029365063
11705_cv,31.0,0.0034178446512669325
11705_cv,32.0,0.003420320339500904
11705_cv,33.0,0.003423652844503522
11705_cv,34.0,0.0034270479809492826
11705_cv,35.0,0.003430028213188052
11705_cv,36.0,0.0034331558272242546
11705_cv,37.0,0.0034364403691142797
11705_cv,38.0,0.003440495114773512
11705_cv,39.0,0.003444964997470379
11705_cv,40.0,0.003449151059612632
11705_cv,41.0,0.0034532491117715836
11705_cv,42.0,0.0034570335410535336
11705_cv,43.0,0.0034606410190463066
11705_cv,44.0,0.0034653220791369677
11705_cv,45.0,0.003469971939921379
11705_cv,46.0,0.0034740634728223085
11705_cv,47.0,0.0034774760715663433
11705_cv,48.0,0.003480785759165883
11705_cv,49.0,0.003483745502308011
11705_ch,1.0,0.0035762041807174683
11705_ch,2.0,0.003619041293859482
11705_ch,3.0,0.003655933542177081
11705_ch,4.0,0.003685219679027796
11705_ch,5.0,0.0037066901568323374
11705_ch,6.0,0.0037068231031298637
11705_ch,7.0,0.0037668831646442413
11705_ch,8.0,0.0037458830047398806
11705_ch,9.0,0.0037242143880575895
11705_ch,10.0,0.003702357644215226
11705_ch,11.0,0.0036807795986533165
11705_ch,12.0,0.0036598131991922855
11705_ch,13.0,0.003634847467765212
11705_ch,14.0,0.0036159646697342396
11705_ch,15.0,0.003598520066589117
11705_ch,16.0,0.0035821415949612856
11705_ch,17.0,0.0035669105127453804
11705_ch,18.0,0.003553119720891118
11705_ch,19.0,0.003540904726833105
11705_ch,20.0,0.0035301214084029198
11705_ch,21.0,0.00352048990316689
11705_ch,22.0,0.0035117531660944223
11705_ch,23.0,0.0035037300549447536
11705_ch,24.0,0.003496314398944378
11705_ch,25.0,0.0034894743002951145
11705_ch,26.0,0.003483263775706291
11705_ch,27.0,0.0034777994733303785
11705_ch,28.0,0.0034731959458440542
11705_ch,29.0,0.003469368675723672
11705_ch,30.0,0.003466620808467269
11705_ch,31.0,0.00346388784237206
11705_ch,32.0,0.003461616113781929
11705_ch,33.0,0.0034613923635333776
11705_ch,34.0,0.0034606344997882843
11705_ch,35.0,0.003459957195445895
11705_ch,36.0,0.003459351370111108
11705_ch,37.0,0.0034591732546687126
11705_ch,38.0,0.0034598952624946833
11705_ch,39.0,0.0034615464974194765
11705_ch,40.0,0.0034627194982022047
11705_ch,41.0,0.003464851761236787
11705_ch,42.0,0.0034679307136684656
11705_ch,43.0,0.0034710357431322336
11705_ch,44.0,0.003473991760984063
11705_ch,45.0,0.0034767864271998405
11705_ch,46.0,0.0034797454718500376
11705_ch,47.0,0.00348275457508862
11705_ch,48.0,0.003485160181298852
11705_ch,49.0,0.0034859234001487494
11707_cv,1.0,0.0025619673542678356
11707_cv,2.0,0.002570941811427474
11707_cv,3.0,0.002571950200945139
11707_cv,4.0,0.0025719688273966312
11707_cv,5.0,0.002572078490629792
11707_cv,6.0,0.002572176745161414
11707_cv,7.0,0.002572129014879465
11707_cv,8.0,0.0025721148122102022
11707_cv,9.0,0.002640089951455593
11707_cv,10.0,0.0026088182348757982
11707_cv,11.0,0.002580213826149702
11707_cv,12.0,0.00254039210267365
11707_cv,13.0,0.0025192401371896267
11707_cv,14.0,0.0025041569024324417
11707_cv,15.0,0.0024937987327575684
11707_cv,16.0,0.0024868096224963665
11707_cv,17.0,0.0024822226259857416
11707_cv,18.0,0.0024794857017695904
11707_cv,19.0,0.002477813744917512
11707_cv,20.0,0.002477775327861309
11707_cv,21.0,0.0024795911740511656
11707_cv,22.0,0.0024824547581374645
11707_cv,23.0,0.0024858624674379826
11707_cv,24.0,0.0024898515548557043
11707_cv,25.0,0.002494270447641611
11707_cv,26.0,0.0024990555830299854
11707_cv,27.0,0.0025029312819242477
11707_cv,28.0,0.0025102049112319946
11707_cv,29.0,0.0025164897087961435
11707_cv,30.0,0.0025228343438357115
11707_cv,31.0,0.00252899550832808
11707_cv,32.0,0.0025349522475153208
11707_cv,33.0,0.0025407662615180016
11707_cv,34.0,0.002546465490013361
11707_cv,35.0,0.002552111865952611
11707_cv,36.0,0.002557546366006136
11707_cv,37.0,0.00256347400136292
11707_cv,38.0,0.0025724624283611774
11707_cv,39.0,0.0025725802406668663
11707_cv,40.0,0.0025726959574967623
11707_cv,41.0,0.0025728153996169567
11707_cv,42.0,0.0025729178451001644
11707_cv,43.0,0.0025730233173817396
11707_cv,44.0,0.0025731639470905066
11707_cv,45.0,0.0025733155198395252
11707_cv,46.0,0.0025734566152095795
11707_cv,47.0,0.0025735755916684866
11707_cv,48.0,0.0025736603420227766
11707_cv,49.0,0.002573542296886444
11707_ch,1.0,0.0027590186800807714
11707_ch,2.0,0.0027722972445189953
11707_ch,3.0,0.002781969727948308
11707_ch,4.0,0.0027873434592038393
11707_ch,5.0,0.0027873856015503407
11707_ch,6.0,0.0027874098159372807
11707_ch,7.0,0.0027874168008565903
11707_ch,8.0,0.0027874093502759933
11707_ch,9.0,0.0027874044608324766
11707_ch,10.0,0.0029650393407791853
11707_ch,11.0,0.0029297496657818556
11707_ch,12.0,0.002898256992921233
11707_ch,13.0,0.0028626725543290377
11707_ch,14.0,0.0028424598276615143
11707_ch,15.0,0.0028252534102648497
11707_ch,16.0,0.0028100707568228245
11707_ch,17.0,0.0027965144254267216
11707_ch,18.0,0.002784601878374815
11707_ch,19.0,0.002774353139102459
11707_ch,20.0,0.002765604527667165
11707_ch,21.0,0.00275808060541749
11707_ch,22.0,0.0027514861430972815
11707_ch,23.0,0.002745552221313119
11707_ch,24.0,0.00274009071290493
11707_ch,25.0,0.0027350482996553183
11707_ch,26.0,0.0027305169496685266
11707_ch,27.0,0.0027266647666692734
11707_ch,28.0,0.0027233401779085398
11707_ch,29.0,0.0027213492430746555
11707_ch,30.0,0.002719791606068611
11707_ch,31.0,0.002718595555052161
11707_ch,32.0,0.0027175587601959705
11707_ch,33.0,0.0027190556284040213
11707_ch,34.0,0.002719038398936391
11707_ch,35.0,0.002719874493777752
11707_ch,36.0,0.002719828626140952
11707_ch,37.0,0.0027206444647163153
11707_ch,38.0,0.0027229071129113436
11707_ch,39.0,0.002725867787376046
11707_ch,40.0,0.0027281283400952816
11707_ch,41.0,0.002731137676164508
11707_ch,42.0,0.0027351186145097017
11707_ch,43.0,0.002739398507401347
11707_ch,44.0,0.0027435626834630966
11707_ch,45.0,0.002747243968769908
11707_ch,46.0,0.0027503997553139925
11707_ch,47.0,0.0027532458771020174
11707_ch,48.0,0.0027557569555938244
11707_ch,49.0,0.002757942769676447
11716_cv,1.0,0.0020409964490681887
11716_cv,2.0,0.002041013678535819
11716_cv,3.0,0.0020410362631082535
11716_cv,4.0,0.002041060710325837
11716_cv,5.0,0.0020410805009305477
11716_cv,6.0,0.002041089115664363
11716_cv,7.0,0.002041085623204708
11716_cv,8.0,0.002041073050349951
11716_cv,9.0,0.002041071420535445
11716_cv,10.0,0.0020410462748259306
11716_cv,11.0,0.002617538208141923
11716_cv,12.0,0.0024848859757184982
11716_cv,13.0,0.00240334146656096
11716_cv,14.0,0.002333552809432149
11716_cv,15.0,0.0022749709896743298
11716_cv,16.0,0.002225954784080386
11716_cv,17.0,0.0021849165204912424
11716_cv,18.0,0.002150540240108967
11716_cv,19.0,0.0021217167377471924
11716_cv,20.0,0.0020974755752831697
11716_cv,21.0,0.002077104989439249
11716_cv,22.0,0.00206015189178288
11716_cv,23.0,0.002046460984274745
11716_cv,24.0,0.0020358278416097164
11716_cv,25.0,0.0020279542077332735
11716_cv,26.0,0.0020225332118570805
11716_cv,27.0,0.0020192046649754047
11716_cv,28.0,0.0020169676281511784
11716_cv,29.0,0.0020171350333839655
11716_cv,30.0,0.0020176300313323736
11716_cv,31.0,0.002018401399254799
11716_cv,32.0,0.0020193983800709248
11716_cv,33.0,0.002020609565079212
11716_cv,34.0,0.0020219185389578342
11716_cv,35.0,0.00202330038882792
11716_cv,36.0,0.0020249183289706707
11716_cv,37.0,0.002026926726102829
11716_cv,38.0,0.002029294380918145
11716_cv,39.0,0.0020318138413131237
11716_cv,40.0,0.0020343365613371134
11716_cv,41.0,0.0020368327386677265
11716_cv,42.0,0.0020393843296915293
11716_cv,43.0,0.002042141743004322
11716_cv,44.0,0.002045398112386465
11716_cv,45.0,0.0020480023231357336
11716_cv,46.0,0.0020504079293459654
11716_cv,47.0,0.0020525450818240643
11716_cv,48.0,0.002054376993328333
11716_cv,49.0,0.0020559008698910475
11716_ch,1.0,0.0020636441186070442
11716_ch,2.0,0.002063681138679385
11716_ch,3.0,0.0020637062843889
11716_ch,4.0,0.0020637400448322296
11716_ch,5.0,0.002063784981146455
11716_ch,6.0,0.0020637880079448223
11716_ch,7.0,0.002063792198896408
11716_ch,8.0,0.003061081515625119
11716_ch,9.0,0.0029764969367533922
11716_ch,10.0,0.0028904718346893787
11716_ch,11.0,0.0028041470795869827
11716_ch,12.0,0.0026660924777388573
11716_ch,13.0,0.0025796685367822647
11716_ch,14.0,0.002504256321117282
11716_ch,15.0,0.002438931493088603
11716_ch,16.0,0.0023823827505111694
11716_ch,17.0,0.0023332801647484303
11716_ch,18.0,0.0022904835641384125
11716_ch,19.0,0.002252922160550952
11716_ch,20.0,0.0022195419296622276
11716_ch,21.0,0.0021895121317356825
11716_ch,22.0,0.0021623976062983274
11716_ch,23.0,0.0021380793768912554
11716_ch,24.0,0.0021164915524423122
11716_ch,25.0,0.002097490942105651
11716_ch,26.0,0.002080896869301796
11716_ch,27.0,0.0020665586926043034
11716_ch,28.0,0.0020543469581753016
11716_ch,29.0,0.0020440395455807447
11716_ch,30.0,0.0020355277229100466
11716_ch,31.0,0.002027662470936775
11716_ch,32.0,0.002021058928221464
11716_ch,33.0,0.0020154595840722322
11716_ch,34.0,0.0020108164753764868
11716_ch,35.0,0.0020070176105946302
11716_ch,36.0,0.002003620145842433
11716_ch,37.0,0.0020006424747407436
11716_ch,38.0,0.0019980736542493105
11716_ch,39.0,0.001995904603973031
11716_ch,40.0,0.0019941178616136312
11716_ch,41.0,0.0019926968961954117
11716_ch,42.0,0.001991627039387822
11716_ch,43.0,0.0019908894319087267
11716_ch,44.0,0.001990451943129301
11716_ch,45.0,0.0019902654457837343
11716_ch,46.0,0.0019902659114450216
11716_ch,47.0,0.001990390010178089
11716_ch,48.0,0.0019905774388462305
11716_ch,49.0,0.0019907832611352205
11733_cv,1.0,0.0033828760497272015
11733_cv,2.0,0.0033829037565737963
11733_cv,3.0,0.0033829351887106895
11733_cv,4.0,0.003382966620847583
11733_cv,5.0,0.0033829936292022467
11733_cv,6.0,0.0033830113243311644
11733_cv,7.0,0.0033830187749117613
11733_cv,8.0,0.0033830178435891867
11733_cv,9.0,0.004214680287986994
11733_cv,10.0,0.00414495263248682
11733_cv,11.0,0.004075074568390846
11733_cv,12.0,0.00396302854642272
11733_cv,13.0,0.0038918848149478436
11733_cv,14.0,0.0038292452227324247
11733_cv,15.0,0.0037747202441096306
11733_cv,16.0,0.003727386239916086
11733_cv,17.0,0.0036860480904579163
11733_cv,18.0,0.0036494238302111626
11733_cv,19.0,0.00361631833948195
11733_cv,20.0,0.0035857539623975754
11733_cv,21.0,0.003557106014341116
11733_cv,22.0,0.0035301721654832363
11733_cv,23.0,0.0035050346050411463
11733_cv,24.0,0.0034817983396351337
11733_cv,25.0,0.0034604305401444435
11733_cv,26.0,0.0034407516941428185
11733_cv,27.0,0.003422518027946353
11733_cv,28.0,0.003405491355806589
11733_cv,29.0,0.003382809227332473
11733_cv,30.0,0.003374087158590555
11733_cv,31.0,0.0033592309337109327
11733_cv,32.0,0.0033448038157075644
11733_cv,33.0,0.003330689389258623
11733_cv,34.0,0.003316885093227029
11733_cv,35.0,0.003303415374830365
11733_cv,36.0,0.0032903177198022604
11733_cv,37.0,0.0032775946892797947
11733_cv,38.0,0.0032652311492711306
11733_cv,39.0,0.0032531479373574257
11733_cv,40.0,0.003241347847506404
11733_cv,41.0,0.003229852532967925
11733_cv,42.0,0.00321877165697515
11733_cv,43.0,0.003208242356777191
11733_cv,44.0,0.0031988939736038446
11733_cv,45.0,0.0031895360443741083
11733_cv,46.0,0.003180326195433736
11733_cv,47.0,0.0031712406780570745
11733_cv,48.0,0.0031609844882041216
11733_cv,49.0,0.0031524242367595434
11733_ch,1.0,0.0034821401350200176
11733_ch,2.0,0.0034821764566004276
11733_ch,3.0,0.0034821988083422184
11733_ch,4.0,0.003482230706140399
11733_ch,5.0,0.0034822586458176374
11733_ch,6.0,0.003482282627373934
11733_ch,7.0,0.003482286585494876
11733_ch,8.0,0.004387036431580782
11733_ch,9.0,0.0043199509382247925
11733_ch,10.0,0.004251923877745867
11733_ch,11.0,0.004183636512607336
11733_ch,12.0,0.003482250263914466
11733_ch,13.0,0.004005316644906998
11733_ch,14.0,0.003943338990211487
11733_ch,15.0,0.0038889688439667225
11733_ch,16.0,0.00384137942455709
11733_ch,17.0,0.0037994859740138054
11733_ch,18.0,0.003762107342481613
11733_ch,19.0,0.0037280984688550234
11733_ch,20.0,0.0036965077742934227
11733_ch,21.0,0.0036667261738330126
11733_ch,22.0,0.003638559952378273
11733_ch,23.0,0.003612120868638158
11733_ch,24.0,0.003587546292692423
11733_ch,25.0,0.00356482295319438
11733_ch,26.0,0.0035437762271612883
11733_ch,27.0,0.0035241651348769665
11733_ch,28.0,0.003505751956254244
11733_ch,29.0,0.0034883148036897182
11733_ch,30.0,0.0034716518130153418
11733_ch,31.0,0.003455592319369316
11733_ch,32.0,0.00343999732285738
11733_ch,33.0,0.0034248202573508024
11733_ch,34.0,0.0034100364428013563
11733_ch,35.0,0.003395616775378585
11733_ch,36.0,0.003381617134436965
11733_ch,37.0,0.0033679953776299953
11733_ch,38.0,0.0033547761850059032
11733_ch,39.0,0.0033418992534279823
11733_ch,40.0,0.003329341532662511
11733_ch,41.0,0.0033171544782817364
11733_ch,42.0,0.0033054277300834656
11733_ch,43.0,0.00329430028796196
11733_ch,44.0,0.0032842515502125025
11733_ch,45.0,0.0032749383244663477
11733_ch,46.0,0.003264734288677573
11733_ch,47.0,0.003254990093410015
11733_ch,48.0,0.00324485101737082
11733_ch,49.0,0.0032359163742512465
11698_cv,1.0,0.002050283132120967
11698_cv,2.0,0.002050305251032114
11698_cv,3.0,0.0020502901170402765
11698_cv,4.0,0.002050291048362851
11698_cv,5.0,0.0020502868574112654
11698_cv,6.0,0.002050268230959773
11698_cv,7.0,0.0020502477418631315
11698_cv,8.0,0.00204925867728889
11698_cv,9.0,0.002047242596745491
11698_cv,10.0,0.002040133811533451
11698_cv,11.0,0.002036608988419175
11698_cv,12.0,0.0020343190990388393
11698_cv,13.0,0.002032896736636758
11698_cv,14.0,0.002034650417044759
11698_cv,15.0,0.0020395000465214252
11698_cv,16.0,0.0020430744625627995
11698_cv,17.0,0.002046907087787986
11698_cv,18.0,0.0020486991852521896
11698_cv,19.0,0.0020497161895036697
11698_cv,20.0,0.0020501709077507257
11698_cv,21.0,0.0020502868574112654
11698_cv,22.0,0.00205026613548398
11698_cv,23.0,0.0020503117702901363
11698_cv,24.0,0.002050296636298299
11698_cv,25.0,0.0020503040868788958
11698_cv,26.0,0.002050285693258047
11698_cv,27.0,0.0020502684637904167
11698_cv,28.0,0.0020503222476691008
11698_cv,29.0,0.0020503064151853323
11698_cv,30.0,0.002050352282822132
11698_cv,31.0,0.0020503057166934013
11698_cv,32.0,0.0020503224804997444
11698_cv,33.0,0.002050355775281787
11698_cv,34.0,0.0020503136329352856
11698_cv,35.0,0.0020503103733062744
11698_cv,36.0,0.0020502936094999313
11698_cv,37.0,0.002050288487225771
11698_cv,38.0,0.002050273586064577
11698_cv,39.0,0.002050346229225397
11698_cv,40.0,0.0020502896513789892
11698_cv,41.0,0.002050303388386965
11698_cv,42.0,0.002050277078524232
11698_cv,43.0,0.002050242619588971
11698_cv,44.0,0.002050199080258608
11698_cv,45.0,0.0020501427352428436
11698_cv,46.0,0.0020500400569289923
11698_cv,47.0,0.0020498940721154213
11698_cv,48.0,0.002049532253295183
11698_cv,49.0,0.0020494309719651937
11698_ch,1.0,0.0021198263857513666
11698_ch,2.0,0.0021198433823883533
11698_ch,3.0,0.0021198394242674112
11698_ch,4.0,0.0021198750473558903
11698_ch,5.0,0.002119847573339939
11698_ch,6.0,0.0021198587492108345
11698_ch,7.0,0.0021198613103479147
11698_ch,8.0,0.002119867131114006
11698_ch,9.0,0.002119879238307476
11698_ch,10.0,0.0021198804024606943
11698_ch,11.0,0.002119901357218623
11698_ch,12.0,0.002620898885652423
11698_ch,13.0,0.002544664079323411
11698_ch,14.0,0.00249773683026433
11698_ch,15.0,0.0024557008873671293
11698_ch,16.0,0.0024172039702534676
11698_ch,17.0,0.002119889250025153
11698_ch,18.0,0.0023493431508541107
11698_ch,19.0,0.002320149214938283
11698_ch,20.0,0.0021198790054768324
11698_ch,21.0,0.002269876655191183
11698_ch,22.0,0.002247805707156658
11698_ch,23.0,0.0022273175418376923
11698_ch,24.0,0.0022083197254687548
11698_ch,25.0,0.0021909005008637905
11698_ch,26.0,0.0021752212196588516
11698_ch,27.0,0.0021198440808802843
11698_ch,28.0,0.002149423584342003
11698_ch,29.0,0.002139155985787511
11698_ch,30.0,0.002130209468305111
11698_ch,31.0,0.002122163539752364
11698_ch,32.0,0.0021149690728634596
11698_ch,33.0,0.002108439337462187
11698_ch,34.0,0.002102448372170329
11698_ch,35.0,0.002096987096592784
11698_ch,36.0,0.0020919640082865953
11698_ch,37.0,0.002087749307975173
11698_ch,38.0,0.0020832796581089497
11698_ch,39.0,0.002081512240692973
11698_ch,40.0,0.002079682657495141
11698_ch,41.0,0.0020788870751857758
11698_ch,42.0,0.002079029567539692
11698_ch,43.0,0.0020791904535144567
11698_ch,44.0,0.0020795741584151983
11698_ch,45.0,0.002080158330500126
11698_ch,46.0,0.0020809003617614508
11698_ch,47.0,0.0020817783661186695
11698_ch,48.0,0.002082578372210264
11698_ch,49.0,0.0020834002643823624
