suite,shot,method,n_bins,n_dof,fits_data,seconds,resid_pct,resid_unsat_pct,n_imputed_channels,hi10_frac,centroid_mev,n_eff_bins,nnls_floor_pct
real,10084_cv,CNN n50,50,50,False,0.052520500001264736,23.37388469120992,24.61258697414728,42,0.6576895871420614,23.12303112324119,36.9116044389559,22.777195261688746
real,10084_cv,DNN spectrum n20,20,20,False,0.046861499999067746,25.99619522870839,25.57384616803765,42,0.9999998849946407,13.700220442650881,2.778256415236904,22.777195261688746
real,10084_cv,DNN classifier n50,50,50,False,0.05205260000366252,48.941138854212284,48.98607650715806,42,1.2268000691806037e-06,24.499999999969372,1.000002471671028,22.777195261688746
real,10084_cv,PFF ensemble,200,6,False,0.23699679999845102,24.06004371487335,25.00147130879244,42,0.512797699134601,22.208155291561862,29.0442306339552,22.777195261688746
real,10084_cv,TSVD_NN,100,7,True,0.026961700001265854,22.75325954722134,24.183541318062197,42,1.0,21.89417296997748,4.325677739796155,22.777195261688746
real,10084_ch,CNN n50,50,50,False,0.04714490000333171,79.90362783975766,79.90362783975766,0,0.8369973721784147,39.13234517190832,27.213801748968752,77.35284958667904
real,10084_ch,DNN spectrum n20,20,20,False,0.04441390000283718,87.41359462632708,87.41359462632708,0,1.0,18.700000000000003,2.7777777777777772,77.35284958667904
real,10084_ch,DNN classifier n50,50,50,False,0.044786099999328144,114.70149263539778,114.70149263539778,0,1.2268000691806037e-06,24.499999999969372,1.000002471671028,77.35284958667904
real,10084_ch,PFF ensemble,200,6,False,0.24081799999112263,102.40471330414711,102.40471330414711,0,0.061535545155605754,14.957460804721032,5.939729801235773,77.35284958667904
real,10084_ch,TSVD_NN,100,7,True,0.004452299996046349,77.29123695602044,77.29123695602044,0,1.0,49.5,1.0,77.35284958667904
real,11696_cv,CNN n50,50,50,False,0.05038000000058673,50.62984132181293,50.62984132181293,0,0.015985017120723175,29.170839441610404,3.6801186999883035,48.887912224818834
real,11696_cv,DNN spectrum n20,20,20,False,0.04631350000272505,48.50009771395226,48.50009771395226,0,0.0,,2.7778182435896035,48.887912224818834
real,11696_cv,DNN classifier n50,50,50,False,0.04582210000080522,49.06084501300258,49.06084501300258,0,1.2268000691806037e-06,24.499999999969372,1.000002471671028,48.887912224818834
real,11696_cv,PFF ensemble,200,6,False,0.28033870000217576,48.93402079641645,48.93402079641645,0,0.00020732899055070781,11.249204900270913,2.4977916181380015,48.887912224818834
real,11696_cv,TSVD_NN,100,7,True,0.035456799989333376,49.336317762837524,49.336317762837524,0,0.030479452894652658,27.809914200913642,1.8949456740795094,48.887912224818834
real,11696_ch,CNN n50,50,50,False,0.058157300009042956,54.04800284206387,54.04800284206387,0,0.029758468952933898,37.22417625761214,3.3547347035036488,54.097600362826874
real,11696_ch,DNN spectrum n20,20,20,False,0.05150409998896066,53.231013038236874,53.231013038236874,0,0.0,,2.777777777809192,54.097600362826874
real,11696_ch,DNN classifier n50,50,50,False,0.049110199994174764,52.499556330478036,52.499556330478036,0,1.2268000691806037e-06,24.499999999969372,1.000002471671028,54.097600362826874
real,11696_ch,PFF ensemble,200,6,False,0.234273200010648,54.46345383175361,54.46345383175361,0,0.00021608829317002119,11.254369527510283,2.5087393004667073,54.097600362826874
real,11696_ch,TSVD_NN,100,7,True,0.004593799996655434,52.63397639060836,52.63397639060836,0,0.03182224627739377,40.5,1.8419624889111463,54.097600362826874
real,11705_cv,CNN n50,50,50,False,0.04764410000643693,37.97475615717754,37.97475615717754,0,0.23811683910473536,32.08531710941721,7.110899506273292,32.97114634015097
real,11705_cv,DNN spectrum n20,20,20,False,0.04474610000033863,36.3877377145501,36.3877377145501,0,0.0,,2.8019049894384485,32.97114634015097
real,11705_cv,DNN classifier n50,50,50,False,0.050422799991793,34.21155644166214,34.21155644166214,0,1.2268000691806037e-06,24.499999999969372,1.000002471671028,32.97114634015097
real,11705_cv,PFF ensemble,200,6,False,0.2494107999955304,33.494491012315365,33.494491012315365,0,0.12448747651293897,17.540980811056805,3.2691410636454314,32.97114634015097
real,11705_cv,TSVD_NN,100,7,True,0.0155596999975387,33.23753099695289,33.23753099695289,0,0.0896717149875672,26.432432333569295,1.8343850001606274,32.97114634015097
real,11705_ch,CNN n50,50,50,False,0.05152149999048561,36.00833629163392,36.00833629163392,0,0.22188316033815145,36.84310209090076,6.793832142751768,33.07577847515017
real,11705_ch,DNN spectrum n20,20,20,False,0.04701899999054149,38.62202097179644,38.62202097179644,0,0.0,,2.7777777777778114,33.07577847515017
real,11705_ch,DNN classifier n50,50,50,False,0.04830160000710748,35.50539367899391,35.50539367899391,0,1.2268000691806037e-06,24.499999999969372,1.000002471671028,33.07577847515017
real,11705_ch,PFF ensemble,200,6,False,0.2558319000090705,34.10378948340371,34.10378948340371,0,0.07598252914727162,19.636931343600548,3.1015906322835205,33.07577847515017
real,11705_ch,TSVD_NN,100,7,True,0.003773499993258156,32.25270750696956,32.25270750696956,0,0.06136875719721248,40.5,1.7148369267617807,33.07577847515017
real,11707_cv,CNN n50,50,50,False,0.05146099999547005,29.606214001798566,29.606214001798566,0,0.30387304917504165,27.355175019066472,11.891353856850902,27.26800008776146
real,11707_cv,DNN spectrum n20,20,20,False,0.045685500008403324,39.67861751852234,39.67861751852234,0,0.0,,2.7777777877087013,27.26800008776146
real,11707_cv,DNN classifier n50,50,50,False,0.04550340000423603,34.780848459662884,34.780848459662884,0,1.2268000691806037e-06,24.499999999969372,1.000002471671028,27.26800008776146
real,11707_cv,PFF ensemble,200,6,False,0.23339470000064466,27.875000003382684,27.875000003382684,0,0.2649030697635289,16.835718051797137,6.968785580009488,27.26800008776146
real,11707_cv,TSVD_NN,100,7,True,0.008686899993335828,27.434183891657753,27.434183891657753,0,0.25335009045989715,19.865183473879895,2.027077084233101,27.26800008776146
real,11707_ch,CNN n50,50,50,False,0.04816150000260677,28.613085566998013,28.613085566998013,0,0.23364308977786802,30.699642145689673,9.613372141982962,28.225159030484313
real,11707_ch,DNN spectrum n20,20,20,False,0.05062220001127571,41.662925771028505,41.662925771028505,0,0.0,,2.777777777876696,28.225159030484313
real,11707_ch,DNN classifier n50,50,50,False,0.05180629999085795,36.314069349213234,36.314069349213234,0,1.2268000691806037e-06,24.499999999969372,1.000002471671028,28.225159030484313
real,11707_ch,PFF ensemble,200,6,False,0.2376866999984486,29.606678317465963,29.606678317465963,0,0.26997766373463844,16.927191465014246,14.985197601906513,28.225159030484313
real,11707_ch,TSVD_NN,100,7,True,0.007241700004669838,27.83765591622941,27.83765591622941,0,0.1211016712667367,40.5,1.997411102156178,28.225159030484313
real,11716_cv,CNN n50,50,50,False,0.0521528999961447,27.304559014307703,28.024991760620384,51,0.45285910591726514,27.867483949846974,17.609584782899258,26.315693906057206
real,11716_cv,DNN spectrum n20,20,20,False,0.048098999992362224,58.1314240767123,68.21107827338275,51,0.0,,2.777777777819471,26.315693906057206
real,11716_cv,DNN classifier n50,50,50,False,0.04634929999883752,51.17573067913535,57.55902947894223,51,1.2268000691806037e-06,24.499999999969372,1.000002471671028,26.315693906057206
real,11716_cv,PFF ensemble,200,6,False,0.23567500000353903,34.87098695865157,35.95584247874454,51,0.20772183980404266,15.920772602656987,12.340550738506902,26.315693906057206
real,11716_cv,TSVD_NN,100,7,True,0.004927500005578622,25.95711074718658,26.360067885365975,51,0.3319285650147613,31.458131145366142,2.068907430133969,26.315693906057206
real,11716_ch,CNN n50,50,50,False,0.049488800010294653,26.93180191954487,26.93180191954487,0,0.3679603759997274,33.49741081083253,10.477144904334612,25.464820688155896
real,11716_ch,DNN spectrum n20,20,20,False,0.044561599992448464,59.208404193304375,59.208404193304375,0,0.0025537899171579445,13.70582798975355,2.7920018133993216,25.464820688155896
real,11716_ch,DNN classifier n50,50,50,False,0.04642870000679977,53.02653965815027,53.02653965815027,0,1.2268000691806037e-06,24.499999999969372,1.000002471671028,25.464820688155896
real,11716_ch,PFF ensemble,200,6,False,0.2352826999995159,30.005615763838456,30.005615763838456,0,0.4776635414325314,21.52133603327084,26.590136088196875,25.464820688155896
real,11716_ch,TSVD_NN,100,7,True,0.0032565000001341105,25.12029672582014,25.12029672582014,0,0.21756209442944224,47.29199615165108,1.5515566278195987,25.464820688155896
real,11733_cv,CNN n50,50,50,False,0.053526800009422004,54.829335441400794,27.753149889307792,92,0.6247855112286864,32.67376254277211,36.8418898999436,51.512627711357176
real,11733_cv,DNN spectrum n20,20,20,False,0.05038800000329502,95.05062516834249,90.86244254392506,92,0.0,,2.7777777777777772,51.512627711357176
real,11733_cv,DNN classifier n50,50,50,False,0.05013920000055805,87.0285459990929,75.21205495824317,92,1.2268000691806037e-06,24.499999999969372,1.000002471671028,51.512627711357176
real,11733_cv,PFF ensemble,200,6,False,0.23283480000100099,56.31365507167674,28.825352096518277,92,0.6808450937593655,26.403655240467,43.501741175007844,51.512627711357176
real,11733_cv,TSVD_NN,100,7,True,0.0036545000039041042,51.42217423186358,24.44765939804984,92,0.3713513613394512,49.5,1.8758173482808138,51.512627711357176
real,11733_ch,CNN n50,50,50,False,0.047575200005667284,57.406671166151256,57.406671166151256,0,0.6015078308131969,35.36046484475714,31.68723999485291,54.380778191220976
real,11733_ch,DNN spectrum n20,20,20,False,0.04676599999947939,98.87221972828307,98.87221972828307,0,0.0,,2.7777777777777772,54.380778191220976
real,11733_ch,DNN classifier n50,50,50,False,0.048724100008257665,90.76844689292557,90.76844689292557,0,1.2268000691806037e-06,24.499999999969372,1.000002471671028,54.380778191220976
real,11733_ch,PFF ensemble,200,6,False,0.2303645000065444,60.48808816334733,60.48808816334733,0,0.6232365907534487,24.883794497707573,38.34111022082275,54.380778191220976
real,11733_ch,TSVD_NN,100,7,True,0.009537199992337264,54.36894033499768,54.36894033499768,0,0.37594968607322143,49.03871097367408,2.1695978262681317,54.380778191220976
real,11698_cv,CNN n50,50,50,False,0.048013599996920675,23.768887137232028,35.7239404088654,88,0.4898612720566563,20.46908261570455,25.628535582542032,23.464406374297667
real,11698_cv,DNN spectrum n20,20,20,False,0.04733269999269396,45.575433327283356,87.34688307065171,88,1.6800292586281324e-33,18.7,2.7800648416329854,23.464406374297667
real,11698_cv,DNN classifier n50,50,50,False,0.04564149999350775,38.34961465307351,72.19403984135582,88,1.2268000691806037e-06,24.499999999969372,1.000002471671028,23.464406374297667
real,11698_cv,PFF ensemble,200,6,False,0.2297139000002062,24.768060768862878,39.62084056217544,88,0.27800235677866814,17.087390541298717,15.363035227576972,23.464406374297667
real,11698_cv,TSVD_NN,100,7,True,0.004981300007784739,23.424256365447427,35.83867880453902,88,1.0,17.403782352421285,3.0799102346601757,23.464406374297667
real,11698_ch,CNN n50,50,50,False,0.045728800003416836,22.769494300930027,22.769494300930027,0,0.4187211937426098,40.54985736894072,11.44180647052899,22.76609345636755
real,11698_ch,DNN spectrum n20,20,20,False,0.049385399994207546,48.466241335624915,48.466241335624915,0,0.0,,2.777777907586716,22.76609345636755
real,11698_ch,DNN classifier n50,50,50,False,0.04657759999099653,40.87006962843081,40.87006962843081,0,1.2268000691806037e-06,24.499999999969372,1.000002471671028,22.76609345636755
real,11698_ch,PFF ensemble,200,6,False,0.23988039999676403,23.177712971449594,23.177712971449594,0,0.7582471901909966,28.644078174511776,48.96633692895728,22.76609345636755
real,11698_ch,TSVD_NN,100,7,True,0.008674299999256618,22.78719926031943,22.78719926031943,0,0.3392612292284249,47.788833053243884,4.313179315567635,22.76609345636755
